<?xml version="1.0"?>
<!--<!DOCTYPE metadata SYSTEM "http://www.esri.com/metadata/esriprof80.dtd">-->
<metadata xml:lang="en"><Esri><CreaDate>20071022</CreaDate><CreaTime>10280400</CreaTime><SyncOnce>TRUE</SyncOnce><MetaID>{D8EE4A97-BCD3-49CB-9568-556113B173D0}</MetaID></Esri><idinfo><citation><citeinfo><onlink Sync="TRUE">\\kuro\class\ID296-1-F07\Resources\Kemo\boundary</onlink></citeinfo></citation></idinfo><distInfo><distributor><distorTran><onLineSrc><linkage Sync="TRUE">file://\\kuro\class\ID296-1-F07\Resources\Kemo\boundary</linkage><protocol Sync="TRUE">Local Area Network</protocol></onLineSrc></distorTran></distributor></distInfo><dataqual><lineage><procstep><procdesc Sync="TRUE">Dataset copied.</procdesc><srcused Sync="TRUE">C:\Intermediate GIS\class demos\kemo\boundary</srcused><date Sync="TRUE">20071022</date><time Sync="TRUE">10280400</time></procstep></lineage></dataqual></metadata>
