<?xml version="1.0"?>
<!--<!DOCTYPE metadata SYSTEM "http://www.esri.com/metadata/esriprof80.dtd">-->
<metadata xml:lang="en"><Esri><CreaDate>20071022</CreaDate><CreaTime>10280400</CreaTime><SyncOnce>TRUE</SyncOnce><MetaID>{D4914124-3DFF-4D7A-B982-16ACF770C531}</MetaID></Esri><idinfo><citation><citeinfo><onlink Sync="TRUE">\\kuro\class\ID296-1-F07\Resources\Kemo\infest_point</onlink></citeinfo></citation></idinfo><distInfo><distributor><distorTran><onLineSrc><linkage Sync="TRUE">file://\\kuro\class\ID296-1-F07\Resources\Kemo\infest_point</linkage><protocol Sync="TRUE">Local Area Network</protocol></onLineSrc></distorTran></distributor></distInfo><dataqual><lineage><procstep><procdesc Sync="TRUE">Dataset copied.</procdesc><srcused Sync="TRUE">C:\Intermediate GIS\class demos\kemo\infest_point</srcused><date Sync="TRUE">20071022</date><time Sync="TRUE">10280400</time></procstep></lineage></dataqual></metadata>
